GATEWAYID,SIP REQUEST,OWNER,Type,OPERATOR,,IP,Position,Conso Max
1021,SIP/41.204.96.174/933410210 ,FRED,SIMBOX,TELMA,GOIP9,s1-192.168.0.101,1,
1022,SIP/41.204.96.174/933410220 ,FRED,SIMBOX,TELMA,GOIP9,s1-192.168.0.101,2,
1023,SIP/41.204.96.174/933410230 ,FRED,SIMBOX,TELMA,GOIP9,s1-192.168.0.101,3,
1024,SIP/41.204.96.174/933410240 ,FRED,SIMBOX,TELMA,GOIP9,s1-192.168.0.101,4,
1025,SIP/41.204.96.174/933410250 ,FRED,SIMBOX,TELMA,GOIP9,s1-192.168.0.101,5,
1026,SIP/41.204.96.174/933410260 ,FRED,SIMBOX,TELMA,GOIP9,s1-192.168.0.101,6,
1027,SIP/41.204.96.174/933410270 ,FRED,SIMBOX,TELMA,GOIP9,s1-192.168.0.101,7,
1028,SIP/41.204.96.174/933410280 ,FRED,SIMBOX,TELMA,GOIP9,s1-192.168.0.101,8,
1031,SIP/41.204.96.174/933410310 ,FRED,SIMBOX,TELMA,GOIP12,s1-192.168.0.104,1,
1032,SIP/41.204.96.174/933410320 ,FRED,SIMBOX,TELMA,GOIP12,s1-192.168.0.104,2,
1033,SIP/41.204.96.174/933410330 ,FRED,SIMBOX,TELMA,GOIP12,s1-192.168.0.104,3,
1034,SIP/41.204.96.174/933410340 ,FRED,SIMBOX,TELMA,GOIP12,s1-192.168.0.104,4,
1035,SIP/41.204.96.174/933410350 ,FRED,SIMBOX,TELMA,GOIP12,s1-192.168.0.104,5,
1036,SIP/41.204.96.174/933410360 ,FRED,SIMBOX,TELMA,GOIP12,s1-192.168.0.104,6,
1037,SIP/41.204.96.174/933410370 ,FRED,SIMBOX,TELMA,GOIP12,s1-192.168.0.104,7,
1038,SIP/41.204.96.174/933410380 ,FRED,SIMBOX,TELMA,GOIP12,s1-192.168.0.104,8,
1041,SIP/41.204.96.174/933410410 ,FRED,SIMBOX,TELMA,GOIP13,s1-192.168.0.105,1,
1042,SIP/41.204.96.174/933410420 ,FRED,SIMBOX,TELMA,GOIP13,s1-192.168.0.105,2,
1043,SIP/41.204.96.174/933410430 ,FRED,SIMBOX,TELMA,GOIP13,s1-192.168.0.105,3,
1044,SIP/41.204.96.174/933410440 ,FRED,SIMBOX,TELMA,GOIP13,s1-192.168.0.105,4,
1045,SIP/41.204.96.174/933410450 ,FRED,SIMBOX,TELMA,GOIP13,s1-192.168.0.105,5,
1046,SIP/41.204.96.174/933410460 ,FRED,SIMBOX,TELMA,GOIP13,s1-192.168.0.105,6,
1047,SIP/41.204.96.174/933410470 ,FRED,SIMBOX,TELMA,GOIP13,s1-192.168.0.105,7,
1048,SIP/41.204.96.174/933410480 ,FRED,SIMBOX,TELMA,GOIP13,s1-192.168.0.105,8,
2341,SIP/41.204.96.174/933423410 ,FRED,SIMBOX,ORANGE,GOIP14,s1-192.168.0.106,1,
2342,SIP/41.204.96.174/933423420 ,FRED,SIMBOX,ORANGE,GOIP14,s1-192.168.0.106,2,
2343,SIP/41.204.96.174/933423430 ,FRED,SIMBOX,ORANGE,GOIP14,s1-192.168.0.106,3,
2344,SIP/41.204.96.174/933423440 ,FRED,SIMBOX,ORANGE,GOIP14,s1-192.168.0.106,4,
2055,SIP/41.204.96.174/933420550 ,FRED,SIMBOX,ORANGE,GOIP14,s1-192.168.0.106,5,
2056,SIP/41.204.96.174/933420560 ,FRED,SIMBOX,ORANGE,GOIP14,s1-192.168.0.106,6,
2057,SIP/41.204.96.174/933420570 ,FRED,SIMBOX,ORANGE,GOIP14,s1-192.168.0.106,7,
2058,SIP/41.204.96.174/933420580 ,FRED,SIMBOX,ORANGE,GOIP14,s1-192.168.0.106,8,
2131,SIP/41.204.96.174/933430310 ,FRED,SIMBOX,ORANGE mixte,GOIP10,s2-192.168.0.102,1,
2132,SIP/41.204.96.174/933430320 ,FRED,SIMBOX,ORANGE mixte,GOIP10,s2-192.168.0.102,2,
2133,SIP/41.204.96.174/933430330 ,FRED,SIMBOX,ORANGE mixte,GOIP10,s2-192.168.0.102,3,
2134,SIP/41.204.96.174/933430340 ,FRED,SIMBOX,ORANGE mixte,GOIP10,s2-192.168.0.102,4,
2135,SIP/41.204.96.174/933430350 ,FRED,SIMBOX,ORANGE mixte,GOIP10,s2-192.168.0.102,5,
2136,SIP/41.204.96.174/933430360 ,FRED,SIMBOX,ORANGE mixte,GOIP10,s2-192.168.0.102,6,
2137,SIP/41.204.96.174/933430370 ,FRED,SIMBOX,ORANGE mixte,GOIP10,s2-192.168.0.102,7,
2138,SIP/41.204.96.174/933430380 ,FRED,SIMBOX,ORANGE mixte,GOIP10,s2-192.168.0.102,8,
1051,SIP/41.204.96.174/933430410 ,FRED,SIMBOX,TELMA,GOIP11,192.168.0.103,1,
1052,SIP/41.204.96.174/933430420 ,FRED,SIMBOX,TELMA,GOIP11,192.168.0.103,2,
1053,SIP/41.204.96.174/933430430 ,FRED,SIMBOX,TELMA,GOIP11,192.168.0.103,3,
1054,SIP/41.204.96.174/933430440 ,FRED,SIMBOX,TELMA,GOIP11,192.168.0.103,4,
1055,SIP/41.204.96.174/933430450 ,FRED,SIMBOX,TELMA,GOIP11,192.168.0.103,5,
1056,SIP/41.204.96.174/933430460 ,FRED,SIMBOX,TELMA,GOIP11,192.168.0.103,6,
1057,SIP/41.204.96.174/933430470 ,FRED,SIMBOX,TELMA,GOIP11,192.168.0.103,7,
1058,SIP/41.204.96.174/933430480 ,FRED,SIMBOX,TELMA,GOIP11,192.168.0.103,8,
1061,SIP/41.204.96.174/933430510 ,FRED,SIMBOX,TELMA,GOIP14,192.168.0.106,1,
1062,SIP/41.204.96.174/933430520 ,FRED,SIMBOX,TELMA,GOIP14,192.168.0.106,2,
1063,SIP/41.204.96.174/933430530 ,FRED,SIMBOX,TELMA,GOIP14,192.168.0.106,3,
1064,SIP/41.204.96.174/933430540 ,FRED,SIMBOX,TELMA,GOIP14,192.168.0.106,4,
1065,SIP/41.204.96.174/933430550 ,FRED,SIMBOX,TELMA,GOIP14,192.168.0.106,5,
1066,SIP/41.204.96.174/933430560 ,FRED,SIMBOX,TELMA,GOIP14,192.168.0.106,6,
1067,SIP/41.204.96.174/933430570 ,FRED,SIMBOX,TELMA,GOIP14,192.168.0.106,7,
1068,SIP/41.204.96.174/933430580 ,FRED,SIMBOX,TELMA,GOIP14,192.168.0.106,8,
2161,SIP/41.204.96.174/933430610 ,FRED,SIMBOX,ORANGE mixte,GOIP15,s2-192.168.0.107,1,
2162,SIP/41.204.96.174/933430620 ,FRED,SIMBOX,ORANGE mixte,GOIP15,s2-192.168.0.107,2,
2163,SIP/41.204.96.174/933430630 ,FRED,SIMBOX,ORANGE mixte,GOIP15,s2-192.168.0.107,3,
2164,SIP/41.204.96.174/933430640 ,FRED,SIMBOX,ORANGE mixte,GOIP15,s2-192.168.0.107,4,
2165,SIP/41.204.96.174/933430650 ,FRED,SIMBOX,ORANGE mixte,GOIP15,s2-192.168.0.107,5,
2166,SIP/41.204.96.174/933430660 ,FRED,SIMBOX,ORANGE mixte,GOIP15,s2-192.168.0.107,6,
2167,SIP/41.204.96.174/933430670 ,FRED,SIMBOX,ORANGE mixte,GOIP15,s2-192.168.0.107,7,
2168,SIP/41.204.96.174/933430680 ,FRED,SIMBOX,ORANGE mixte,GOIP15,s2-192.168.0.107,8,
2201,SIP/41.204.96.174/933422010 ,FRED,GP712,ORANGE,NA,s1-192.168.0.201,1,4301
2202,SIP/41.204.96.174/933422020 ,FRED,GP712,ORANGE,NA,s1-192.168.0.201,2,4301
2203,SIP/41.204.96.174/933422030 ,FRED,GP712,ORANGE,NA,1s1-92.168.0.203,3,4301
2204,SIP/41.204.96.174/933422040 ,FRED,GP712,ORANGE,NA,s1-192.168.0.203,4,4301
2205,SIP/41.204.96.174/933422050 ,FRED,GP712,ORANGE,NA,s1-192.168.0.205,5,4301
2206,SIP/41.204.96.174/933422060 ,FRED,GP712,ORANGE,NA,s1-192.168.0.205,6,4301
2207,SIP/41.204.96.174/933422070 ,FRED,GP712,ORANGE,NA,s1-192.168.0.207,7,4301
2208,SIP/41.204.96.174/933422080 ,FRED,GP712,ORANGE,NA,s1-192.168.0.207,8,4301
2209,SIP/41.204.96.174/933422090 ,FRED,GP712,ORANGE,NA,s1-192.168.0.209,9,4301
2210,SIP/41.204.96.174/933422100 ,FRED,GP712,ORANGE,NA,s1-192.168.0.209,10,4301
2211,SIP/41.204.96.174/933422110 ,FRED,GP712,ORANGE,NA,s1-192.168.0.211,11,4301
2212,SIP/41.204.96.174/933422120 ,FRED,GP712,ORANGE,NA,s1-192.168.0.211,12,4301
2213,SIP/41.204.96.174/933422130 ,FRED,GP712,ORANGE,NA,s1-192.168.0.213,13,4301
2214,SIP/41.204.96.174/933422140 ,FRED,GP712,ORANGE,NA,s1-192.168.0.213,14,1613
2215,SIP/41.204.96.174/933422150 ,FRED,GP712,ORANGE,NA,s1-192.168.0.215,15,1613
2216,SIP/41.204.96.174/933422160 ,FRED,GP712,ORANGE,NA,s1-192.168.0.215,16,1613
2217,SIP/41.204.96.174/933422170 ,FRED,GP712,ORANGE,NA,s1-192.168.0.217,17,1613
2218,SIP/41.204.96.174/933422180 ,FRED,GP712,ORANGE,NA,s1-192.168.0.217,18,1613
2219,SIP/41.204.96.174/933422190 ,FRED,GP712,ORANGE,NA,s1-192.168.0.219,19,1613
2220,SIP/41.204.96.174/933422200 ,FRED,GP712,ORANGE,NA,s1-192.168.0.219,20,1613
2221,SIP/41.204.96.174/933422210 ,FRED,GP712,ORANGE,NA,NA,21,-
2251,SIP/41.204.105.85/933422510,FRED,SIMBOX,ORANGE,,s2-192.168.0.201,1,1613
2252,SIP/41.204.105.85/933422520,FRED,SIMBOX,ORANGE,,s2-192.168.0.201,2,1613
2253,SIP/41.204.105.85/933422530,FRED,SIMBOX,ORANGE,,s2-192.168.0.201,3,1613
2254,SIP/41.204.105.85/933422540,FRED,SIMBOX,ORANGE,,s2-192.168.0.201,4,1613
2255,SIP/41.204.105.85/933422550,FRED,SIMBOX,ORANGE,,s2-192.168.0.201,5,1613
2256,SIP/41.204.105.85/933422560,FRED,SIMBOX,ORANGE,,s2-192.168.0.201,6,1613
2257,SIP/41.204.105.85/933422570,FRED,SIMBOX,ORANGE,,s2-192.168.0.201,7,1613
2258,SIP/41.204.105.85/933422580,FRED,SIMBOX,ORANGE,,s2-192.168.0.201,8,1613
2261,SIP/41.204.105.85/933422510,FRED,SIMBOX,ORANGE,,s2-192.168.0.202,1,2151
2262,SIP/41.204.105.85/933422520,FRED,SIMBOX,ORANGE,,s2-192.168.0.202,2,2151
2263,SIP/41.204.105.85/933422530,FRED,SIMBOX,ORANGE,,s2-192.168.0.202,3,2151
2264,SIP/41.204.105.85/933422540,FRED,SIMBOX,ORANGE,,s2-192.168.0.202,4,2151
2265,SIP/41.204.105.85/933422550,FRED,SIMBOX,ORANGE,,s2-192.168.0.202,5,2151
2266,SIP/41.204.105.85/933422560,FRED,SIMBOX,ORANGE,,s2-192.168.0.202,6,2151
2267,SIP/41.204.105.85/933422570,FRED,SIMBOX,ORANGE,,s2-192.168.0.202,7,2151
2268,SIP/41.204.105.85/933422580,FRED,SIMBOX,ORANGE,,s2-192.168.0.202,8,2151
2271,SIP/41.204.105.85/933422510,FRED,SIMBOX,ORANGE,,s2-192.168.0.203,1,2151
2272,SIP/41.204.105.85/933422520,FRED,SIMBOX,ORANGE,,s2-192.168.0.203,2,2151
2273,SIP/41.204.105.85/933422530,FRED,SIMBOX,ORANGE,,s2-192.168.0.203,3,2151
2274,SIP/41.204.105.85/933422540,FRED,SIMBOX,ORANGE,,s2-192.168.0.203,4,2151
2275,SIP/41.204.105.85/933422550,FRED,SIMBOX,ORANGE,,s2-192.168.0.203,5,2151
2276,SIP/41.204.105.85/933422560,FRED,SIMBOX,ORANGE,,s2-192.168.0.203,6,2151
2277,SIP/41.204.105.85/933422570,FRED,SIMBOX,ORANGE,,s2-192.168.0.203,7,2151
2278,SIP/41.204.105.85/933422580,FRED,SIMBOX,ORANGE,,s2-192.168.0.203,8,2151
2511,SIP/41.204.96.185/933425110 ,HAINGO,SIMBOX,ORANGE,COMPTA,192.168.0.26,1,
2512,SIP/41.204.96.185/933425120 ,HAINGO,SIMBOX,ORANGE,COMPTA,192.168.0.26,2,
2513,SIP/41.204.96.185/933425130 ,HAINGO,SIMBOX,ORANGE,COMPTA,192.168.0.26,3,
2514,SIP/41.204.96.185/933425140 ,HAINGO,SIMBOX,ORANGE,COMPTA,192.168.0.26,4,
2515,SIP/41.204.96.185/933425150 ,HAINGO,SIMBOX,ORANGE,COMPTA,192.168.0.26,5,
2516,SIP/41.204.96.185/933425160 ,HAINGO,SIMBOX,ORANGE,COMPTA,192.168.0.26,6,
2517,SIP/41.204.96.185/933425170 ,HAINGO,SIMBOX,ORANGE,COMPTA,192.168.0.26,7,
2518,SIP/41.204.96.185/933425180 ,HAINGO,SIMBOX,ORANGE,COMPTA,192.168.0.26,8,
2521,SIP/41.204.96.185/933425210 ,HAINGO,SIMBOX,ORANGE,GOIP120,192.168.0.120,1,
2522,SIP/41.204.96.185/933425220 ,HAINGO,SIMBOX,ORANGE,GOIP120,192.168.0.120,2,
2523,SIP/41.204.96.185/933425230 ,HAINGO,SIMBOX,ORANGE,GOIP120,192.168.0.120,3,
2524,SIP/41.204.96.185/933425240 ,HAINGO,SIMBOX,ORANGE,GOIP120,192.168.0.120,4,
2525,SIP/41.204.96.185/933425250 ,HAINGO,SIMBOX,ORANGE,GOIP120,192.168.0.120,5,
2526,SIP/41.204.96.185/933425260 ,HAINGO,SIMBOX,ORANGE,GOIP120,192.168.0.120,6,
2527,SIP/41.204.96.185/933425270 ,HAINGO,SIMBOX,ORANGE,GOIP120,192.168.0.120,7,
2528,SIP/41.204.96.185/933425280 ,HAINGO,SIMBOX,ORANGE,GOIP120,192.168.0.120,8,
2501,SIP/41.204.96.185/933425010 ,HAINGO,SIMBOX,ORANGE,GOIP100,192.168.0.100,1,
2502,SIP/41.204.96.185/933425020 ,HAINGO,SIMBOX,ORANGE,GOIP100,192.168.0.100,2,
2503,SIP/41.204.96.185/933425030 ,HAINGO,SIMBOX,ORANGE,GOIP100,192.168.0.100,3,
2504,SIP/41.204.96.185/933425040 ,HAINGO,SIMBOX,ORANGE,GOIP100,192.168.0.100,4,
2505,SIP/41.204.96.185/933425050 ,HAINGO,SIMBOX,ORANGE,GOIP100,192.168.0.100,5,
2506,SIP/41.204.96.185/933425060 ,HAINGO,SIMBOX,ORANGE,GOIP100,192.168.0.100,6,
2507,SIP/41.204.96.185/933425070 ,HAINGO,SIMBOX,ORANGE,GOIP100,192.168.0.100,7,
2508,SIP/41.204.96.185/933425080 ,HAINGO,SIMBOX,ORANGE,GOIP100,192.168.0.100,8,
2511,SIP/41.204.96.185/933425110 ,HAINGO,SIMBOX,ORANGE,GOIP110,192.168.0.110,1,
2512,SIP/41.204.96.185/933425120 ,HAINGO,SIMBOX,ORANGE,GOIP110,192.168.0.110,2,
2513,SIP/41.204.96.185/933425130 ,HAINGO,SIMBOX,ORANGE,GOIP110,192.168.0.110,3,
2514,SIP/41.204.96.185/933425140 ,HAINGO,SIMBOX,ORANGE,GOIP110,192.168.0.110,4,
2515,SIP/41.204.96.185/933425150 ,HAINGO,SIMBOX,ORANGE,GOIP110,192.168.0.110,5,
2516,SIP/41.204.96.185/933425160 ,HAINGO,SIMBOX,ORANGE,GOIP110,192.168.0.110,6,
2517,SIP/41.204.96.185/933425170 ,HAINGO,SIMBOX,ORANGE,GOIP110,192.168.0.110,7,
2518,SIP/41.204.96.185/933425180 ,HAINGO,SIMBOX,ORANGE,GOIP110,192.168.0.110,8,
2811,SIP/193.253.115.65/933428110 ,TINA,SIMBOX,ORANGE,GOIP10,192.168.0.20,1,
2812,SIP/193.253.115.65/933428120 ,TINA,SIMBOX,ORANGE,GOIP10,192.168.0.20,2,
2813,SIP/193.253.115.65/933428130 ,TINA,SIMBOX,ORANGE,GOIP10,192.168.0.20,3,
2814,SIP/193.253.115.65/933428140 ,TINA,SIMBOX,ORANGE,GOIP10,192.168.0.20,4,
2815,SIP/193.253.115.65/933428150 ,TINA,SIMBOX,ORANGE,GOIP10,192.168.0.20,5,
2816,SIP/193.253.115.65/933428160 ,TINA,SIMBOX,ORANGE,GOIP10,192.168.0.20,6,
2817,SIP/193.253.115.65/933428170 ,TINA,SIMBOX,ORANGE,GOIP10,192.168.0.20,7,
2818,SIP/193.253.115.65/933428180 ,TINA,SIMBOX,ORANGE,GOIP10,192.168.0.20,8,
2911,SIP/193.253.115.65/933429110 ,DIM,SIMBOX,ORANGE,GOIP4,192.168.0.12,1,
2912,SIP/193.253.115.65/933429120 ,DIM,SIMBOX,ORANGE,GOIP4,192.168.0.12,2,
2913,SIP/193.253.115.65/933429130 ,DIM,SIMBOX,ORANGE,GOIP4,192.168.0.12,3,
2914,SIP/193.253.115.65/933429140 ,DIM,SIMBOX,ORANGE,GOIP4,192.168.0.12,4,
3031,SIP/41.204.96.174/933430310 ,FRED,SIMBOX,AIRTEL,GOIP10,s2-192.168.0.102,1,
3032,SIP/41.204.96.174/933430320 ,FRED,SIMBOX,AIRTEL,GOIP10,s2-192.168.0.102,2,
3033,SIP/41.204.96.174/933430330 ,FRED,SIMBOX,AIRTEL,GOIP10,s2-192.168.0.102,3,
3034,SIP/41.204.96.174/933430340 ,FRED,SIMBOX,AIRTEL,GOIP10,s2-192.168.0.102,4,
3035,SIP/41.204.96.174/933430350 ,FRED,SIMBOX,AIRTEL,GOIP10,s2-192.168.0.102,5,
3036,SIP/41.204.96.174/933430360 ,FRED,SIMBOX,AIRTEL,GOIP10,s2-192.168.0.102,6,
3037,SIP/41.204.96.174/933430370 ,FRED,SIMBOX,AIRTEL,GOIP10,s2-192.168.0.102,7,
3038,SIP/41.204.96.174/933430380 ,FRED,SIMBOX,AIRTEL,GOIP10,s2-192.168.0.102,8,
3041,SIP/41.204.96.174/933430410 ,FRED,SIMBOX,AIRTEL,GOIP60,192.168.0.103,1,
3042,SIP/41.204.96.174/933430420 ,FRED,SIMBOX,AIRTEL,GOIP60,192.168.0.103,2,
3043,SIP/41.204.96.174/933430430 ,FRED,SIMBOX,AIRTEL,GOIP60,192.168.0.103,3,
3044,SIP/41.204.96.174/933430440 ,FRED,SIMBOX,AIRTEL,GOIP60,192.168.0.103,4,
3045,SIP/41.204.96.174/933430450 ,FRED,SIMBOX,AIRTEL,GOIP60,192.168.0.103,5,
3046,SIP/41.204.96.174/933430460 ,FRED,SIMBOX,AIRTEL,GOIP60,192.168.0.103,6,
3047,SIP/41.204.96.174/933430470 ,FRED,SIMBOX,AIRTEL,GOIP60,192.168.0.103,7,
3048,SIP/41.204.96.174/933430480 ,FRED,SIMBOX,AIRTEL,GOIP60,192.168.0.103,8,
5261,SIP/41.204.105.85/933452610 ,FRED,SIMBOX,TELMA S&W,GOIP14,192.168.0.106,1,
5262,SIP/41.204.105.85/933452620 ,FRED,SIMBOX,TELMA S&W,GOIP14,192.168.0.106,2,
5263,SIP/41.204.105.85/933452630 ,FRED,SIMBOX,TELMA S&W,GOIP14,192.168.0.106,3,
5264,SIP/41.204.105.85/933452640 ,FRED,SIMBOX,TELMA S&W,GOIP14,192.168.0.106,4,
5265,SIP/41.204.105.85/933452650 ,FRED,SIMBOX,TELMA S&W,GOIP14,192.168.0.106,5,
5266,SIP/41.204.105.85/933452660 ,FRED,SIMBOX,TELMA S&W,GOIP14,192.168.0.106,6,
5267,SIP/41.204.105.85/933452670 ,FRED,SIMBOX,TELMA S&W,GOIP14,192.168.0.106,7,
5268,SIP/41.204.105.85/933452680 ,FRED,SIMBOX,TELMA S&W,GOIP14,192.168.0.106,8,
5251,SIP/41.204.105.85/933442510 ,FRED,SIMBOX,TELMA S&W,GOIP14,192.168.0.103,1,
5252,SIP/41.204.105.85/933452520 ,FRED,SIMBOX,TELMA S&W,GOIP11,192.168.0.103,2,
5253,SIP/41.204.105.85/933452530 ,FRED,SIMBOX,TELMA S&W,GOIP11,192.168.0.103,3,
5254,SIP/41.204.105.85/933452540 ,FRED,SIMBOX,TELMA S&W,GOIP11,192.168.0.103,4,
5255,SIP/41.204.105.85/933452550 ,FRED,SIMBOX,TELMA S&W,GOIP11,192.168.0.103,5,
5256,SIP/41.204.105.85/933452560 ,FRED,SIMBOX,TELMA S&W,GOIP11,192.168.0.103,6,
5257,SIP/41.204.105.85/933452570 ,FRED,SIMBOX,TELMA S&W,GOIP11,192.168.0.103,7,
5258,SIP/41.204.105.85/933452580 ,FRED,SIMBOX,TELMA S&W,GOIP11,192.168.0.103,8,
4261,SIP/41.204.105.85/933442610 ,FRED,SIMBOX,TELMA DEB,GOIP14,192.168.0.106,1,
4262,SIP/41.204.105.85/933442620 ,FRED,SIMBOX,TELMA DEB,GOIP14,192.168.0.106,2,
4263,SIP/41.204.105.85/933442630 ,FRED,SIMBOX,TELMA DEB,GOIP14,192.168.0.106,3,
4264,SIP/41.204.105.85/933442640 ,FRED,SIMBOX,TELMA DEB,GOIP14,192.168.0.106,4,
4265,SIP/41.204.105.85/933442650 ,FRED,SIMBOX,TELMA DEB,GOIP14,192.168.0.106,5,
4266,SIP/41.204.105.85/933442660 ,FRED,SIMBOX,TELMA DEB,GOIP14,192.168.0.106,6,
4267,SIP/41.204.105.85/933442670 ,FRED,SIMBOX,TELMA DEB,GOIP14,192.168.0.106,7,
4268,SIP/41.204.105.85/933442680 ,FRED,SIMBOX,TELMA DEB,GOIP14,192.168.0.106,8,
4251,SIP/41.204.105.85/933442510 ,FRED,SIMBOX,TELMA DEB,GOIP14,192.168.0.106,1,
4252,SIP/41.204.105.85/933442520 ,FRED,SIMBOX,TELMA DEB,GOIP11,192.168.0.103,2,
4253,SIP/41.204.105.85/933442530 ,FRED,SIMBOX,TELMA DEB,GOIP11,192.168.0.103,3,
4254,SIP/41.204.105.85/933442540 ,FRED,SIMBOX,TELMA DEB,GOIP11,192.168.0.103,4,
4255,SIP/41.204.105.85/933442550 ,FRED,SIMBOX,TELMA DEB,GOIP11,192.168.0.103,5,
4256,SIP/41.204.105.85/933442560 ,FRED,SIMBOX,TELMA DEB,GOIP11,192.168.0.103,6,
4257,SIP/41.204.105.85/933442570 ,FRED,SIMBOX,TELMA DEB,GOIP11,192.168.0.103,7,
4258,SIP/41.204.105.85/933442580 ,FRED,SIMBOX,TELMA DEB,GOIP11,192.168.0.103,8,
3061,SIP/41.204.96.174/933430610 ,FRED,SIMBOX,AIRTEL mixte,GOIP15,s2-192.168.0.107,1,
3062,SIP/41.204.96.174/933430620 ,FRED,SIMBOX,AIRTEL mixte,GOIP15,s2-192.168.0.107,2,
3063,SIP/41.204.96.174/933430630 ,FRED,SIMBOX,AIRTEL mixte,GOIP15,s2-192.168.0.107,3,
3064,SIP/41.204.96.174/933430640 ,FRED,SIMBOX,AIRTEL mixte,GOIP15,s2-192.168.0.107,4,
3065,SIP/41.204.96.174/933430650 ,FRED,SIMBOX,AIRTEL mixte,GOIP15,s2-192.168.0.107,5,
3066,SIP/41.204.96.174/933430660 ,FRED,SIMBOX,AIRTEL mixte,GOIP15,s2-192.168.0.107,6,
3067,SIP/41.204.96.174/933430670 ,FRED,SIMBOX,AIRTEL mixte,GOIP15,s2-192.168.0.107,7,
3068,SIP/41.204.96.174/933430680 ,FRED,SIMBOX,AIRTEL mixte,GOIP15,s2-192.168.0.107,8,
3071,SIP/41.204.96.174/933430710 ,FRED,SIMBOX,AIRTEL,GOIP106,s1-192.168.0.106,1,
3072,SIP/41.204.96.174/933430720 ,FRED,SIMBOX,AIRTEL,GOIP106,s1-192.168.0.106,2,
3073,SIP/41.204.96.174/933430730 ,FRED,SIMBOX,AIRTEL,GOIP106,s1-192.168.0.106,3,
3074,SIP/41.204.96.174/933430740 ,FRED,SIMBOX,AIRTEL,GOIP106,s1-192.168.0.106,4,
3075,SIP/41.204.96.174/933430750 ,FRED,SIMBOX,AIRTEL,GOIP106,s1-192.168.0.106,5,
3076,SIP/41.204.96.174/933430760 ,FRED,SIMBOX,AIRTEL,GOIP106,s1-192.168.0.106,6,
3077,SIP/41.204.96.174/933430770 ,FRED,SIMBOX,AIRTEL,GOIP106,s1-192.168.0.106,7,
3078,SIP/41.204.96.174/933430780 ,FRED,SIMBOX,AIRTEL,GOIP106,s1-192.168.0.106,8,
3081,SIP/41.204.96.174/933430810 ,FRED,SIMBOX,AIRTEL,GOIP14,s3-192.168.0.103,1,
3082,SIP/41.204.96.174/933430820 ,FRED,SIMBOX,AIRTEL,GOIP14,s3-192.168.0.103,2,
3083,SIP/41.204.96.174/933430830 ,FRED,SIMBOX,AIRTEL,GOIP14,s3-192.168.0.103,3,
3084,SIP/41.204.96.174/933430840 ,FRED,SIMBOX,AIRTEL,GOIP14,s3-192.168.0.103,4,
3085,SIP/41.204.96.174/933430850 ,FRED,SIMBOX,AIRTEL,GOIP14,s3-192.168.0.103,5,
3086,SIP/41.204.96.174/933430860 ,FRED,SIMBOX,AIRTEL,GOIP14,s3-192.168.0.103,6,
3087,SIP/41.204.96.174/933430870 ,FRED,SIMBOX,AIRTEL,GOIP14,s3-192.168.0.103,7,
3088,SIP/41.204.96.174/933430880 ,FRED,SIMBOX,AIRTEL,GOIP14,s3-192.168.0.103,8,
3511,SIP/41.204.96.185/933435110 ,HAINGO,SIMBOX,AIRTEL,COMPTA2,192.168.0.27,1,
3512,SIP/41.204.96.185/933435120 ,HAINGO,SIMBOX,AIRTEL,COMPTA2,192.168.0.27,2,
3513,SIP/41.204.96.185/933435130 ,HAINGO,SIMBOX,AIRTEL,COMPTA2,192.168.0.27,3,
3514,SIP/41.204.96.185/933435140 ,HAINGO,SIMBOX,AIRTEL,COMPTA2,192.168.0.27,4,
3515,SIP/41.204.96.185/933435150 ,HAINGO,SIMBOX,AIRTEL,COMPTA2,192.168.0.27,5,
3516,SIP/41.204.96.185/933435160 ,HAINGO,SIMBOX,AIRTEL,COMPTA2,192.168.0.27,6,
3517,SIP/41.204.96.185/933435170 ,HAINGO,SIMBOX,AIRTEL,COMPTA2,192.168.0.27,7,
3518,SIP/41.204.96.185/933435180 ,HAINGO,SIMBOX,AIRTEL,COMPTA2,192.168.0.27,8,
3531,SIP/41.204.96.185/933435310 ,HAINGO,SIMBOX,AIRTEL,COMPTA2,192.168.0.104,1,
3532,SIP/41.204.96.185/933435320 ,HAINGO,SIMBOX,AIRTEL,COMPTA2,192.168.0.104,2,
3533,SIP/41.204.96.185/933435330 ,HAINGO,SIMBOX,AIRTEL,COMPTA2,192.168.0.104,3,
3534,SIP/41.204.96.185/933435340 ,HAINGO,SIMBOX,AIRTEL,COMPTA2,192.168.0.104,4,
3535,SIP/41.204.96.185/933435350 ,HAINGO,SIMBOX,AIRTEL,COMPTA2,192.168.0.104,5,
3536,SIP/41.204.96.185/933435360 ,HAINGO,SIMBOX,AIRTEL,COMPTA2,192.168.0.104,6,
3537,SIP/41.204.96.185/933435370 ,HAINGO,SIMBOX,AIRTEL,COMPTA2,192.168.0.104,7,
3538,SIP/41.204.96.185/933435380 ,HAINGO,SIMBOX,AIRTEL,COMPTA2,192.168.0.104,8,
3541,SIP/41.204.96.185/933435410 ,HAINGO,SIMBOX,AIRTEL,COMPTA2,192.168.0.105,1,
3542,SIP/41.204.96.185/933435420 ,HAINGO,SIMBOX,AIRTEL,COMPTA2,192.168.0.105,2,
3543,SIP/41.204.96.185/933435430 ,HAINGO,SIMBOX,AIRTEL,COMPTA2,192.168.0.105,3,
3544,SIP/41.204.96.185/933435440 ,HAINGO,SIMBOX,AIRTEL,COMPTA2,192.168.0.105,4,
3545,SIP/41.204.96.185/933435450 ,HAINGO,SIMBOX,AIRTEL,COMPTA2,192.168.0.105,5,
3546,SIP/41.204.96.185/933435460 ,HAINGO,SIMBOX,AIRTEL,COMPTA2,192.168.0.105,6,
3547,SIP/41.204.96.185/933435470 ,HAINGO,SIMBOX,AIRTEL,COMPTA2,192.168.0.105,7,
3548,SIP/41.204.96.185/933435480 ,HAINGO,SIMBOX,AIRTEL,COMPTA2,192.168.0.105,8,
3811,SIP/41.204.102.228/933438110 ,TINA,SIMBOX,AIRTEL,GOIP11,192.168.0.11,1,
3812,SIP/41.204.102.228/933438120 ,TINA,SIMBOX,AIRTEL,GOIP11,192.168.0.11,2,
3813,SIP/41.204.102.228/933438130 ,TINA,SIMBOX,AIRTEL,GOIP11,192.168.0.11,3,
3814,SIP/41.204.102.228/933438140 ,TINA,SIMBOX,AIRTEL,GOIP11,192.168.0.11,4,
3815,SIP/41.204.102.228/933438150 ,TINA,SIMBOX,AIRTEL,GOIP11,192.168.0.11,5,
3816,SIP/41.204.102.228/933438160 ,TINA,SIMBOX,AIRTEL,GOIP11,192.168.0.11,6,
3817,SIP/41.204.102.228/933438170 ,TINA,SIMBOX,AIRTEL,GOIP11,192.168.0.11,7,
3818,SIP/41.204.102.228/933438180 ,TINA,SIMBOX,AIRTEL,GOIP11,192.168.0.11,8,
4001,SIP/41.204.96.185/933440010 ,T2 HAINGO,T2,TELMA,NA,NA,NA,
4002,SIP/41.204.102.206/933440020 ,T2 HOTEL JOURNEES,T2,TELMA,NA,NA,NA,
4003,SIP/41.204.102.228/933440030 ,T2 TINA,T2,TELMA,NA,NA,NA,
5002,SIP/41.204.102.206/933450020 ,T2 HOTEL SOIRS/WE,T2,TELMA,NA,NA,NA,
2921,SIP/193.253.115.65/933429210 ,DIM,SIMBOX,ORANGE,GOIP20,192.168.0.15,1,
2922,SIP/193.253.115.65/933429220 ,DIM,SIMBOX,ORANGE,GOIP20,192.168.0.15,2,
2923,SIP/193.253.115.65/933429230 ,DIM,SIMBOX,ORANGE,GOIP20,192.168.0.15,3,
2924,SIP/193.253.115.65/933429240 ,DIM,SIMBOX,ORANGE,GOIP20,192.168.0.15,4,
2925,SIP/193.253.115.65/933429250 ,DIM,SIMBOX,ORANGE,GOIP20,192.168.0.15,5,
2926,SIP/193.253.115.65/933429260 ,DIM,SIMBOX,ORANGE,GOIP20,192.168.0.15,6,
2927,SIP/193.253.115.65/933429270 ,DIM,SIMBOX,ORANGE,GOIP20,192.168.0.15,7,
2928,SIP/193.253.115.65/933429280 ,DIM,SIMBOX,ORANGE,GOIP20,192.168.0.15,8,
2929,SIP/193.253.115.65/933429290 ,DIM,SIMBOX,ORANGE,GOIP20,192.168.0.15,9,
2930,SIP/193.253.115.65/933429300 ,DIM,SIMBOX,ORANGE,GOIP30,192.168.0.15,10,
2931,SIP/193.253.115.65/933429310 ,DIM,SIMBOX,ORANGE,GOIP30,192.168.0.15,11,
2932,SIP/193.253.115.65/933429320 ,DIM,SIMBOX,ORANGE,GOIP30,192.168.0.15,12,
2933,SIP/193.253.115.65/933429330 ,DIM,SIMBOX,ORANGE,GOIP30,192.168.0.15,13,
2934,SIP/193.253.115.65/933429340 ,DIM,SIMBOX,ORANGE,GOIP30,192.168.0.15,14,
2935,SIP/193.253.115.65/933429350 ,DIM,SIMBOX,ORANGE,GOIP30,192.168.0.15,15,
2936,SIP/193.253.115.65/933429360 ,DIM,SIMBOX,ORANGE,GOIP30,192.168.0.15,16,
2937,SIP/193.253.115.65/933429370 ,DIM,SIMBOX,ORANGE,GOIP30,192.168.0.15,17,
2938,SIP/193.253.115.65/933429380 ,DIM,SIMBOX,ORANGE,GOIP30,192.168.0.15,18,
2939,SIP/193.253.115.65/933429390 ,DIM,SIMBOX,ORANGE,GOIP30,192.168.0.15,19,
2940,SIP/193.253.115.65/933429400 ,DIM,SIMBOX,ORANGE,GOIP40,192.168.0.15,20,
2941,SIP/193.253.115.65/933429410 ,DIM,SIMBOX,ORANGE,GOIP40,192.168.0.15,21,
2942,SIP/193.253.115.65/933429420 ,DIM,SIMBOX,ORANGE,GOIP40,192.168.0.15,22,
2943,SIP/193.253.115.65/933429430 ,DIM,SIMBOX,ORANGE,GOIP40,192.168.0.15,23,
2944,SIP/193.253.115.65/933429440 ,DIM,SIMBOX,ORANGE,GOIP40,192.168.0.15,24,
2945,SIP/193.253.115.65/933429450 ,DIM,SIMBOX,ORANGE,GOIP40,192.168.0.15,25,
2946,SIP/193.253.115.65/933429460 ,DIM,SIMBOX,ORANGE,GOIP40,192.168.0.15,26,
2947,SIP/193.253.115.65/933429470 ,DIM,SIMBOX,ORANGE,GOIP40,192.168.0.15,27,
2948,SIP/193.253.115.65/933429480 ,DIM,SIMBOX,ORANGE,GOIP40,192.168.0.15,28,
2949,SIP/193.253.115.65/933429490 ,DIM,SIMBOX,ORANGE,GOIP40,192.168.0.15,29,
2950,SIP/193.253.115.65/933429500 ,DIM,SIMBOX,ORANGE,GOIP50,192.168.0.15,30,
2951,SIP/193.253.115.65/933429510 ,DIM,SIMBOX,ORANGE,GOIP50,192.168.0.15,31,
2952,SIP/193.253.115.65/933429520 ,DIM,SIMBOX,ORANGE,GOIP50,192.168.0.15,32,
2961,SIP/193.253.115.65/933429610 ,DIM,SIMBOX,ORANGE,GOIP60,192.168.0.17,1,
2962,SIP/193.253.115.65/933429620 ,DIM,SIMBOX,ORANGE,GOIP60,192.168.0.17,2,
2963,SIP/193.253.115.65/933429630 ,DIM,SIMBOX,ORANGE,GOIP60,192.168.0.17,3,
2964,SIP/193.253.115.65/933429640 ,DIM,SIMBOX,ORANGE,GOIP60,192.168.0.17,4,
2965,SIP/193.253.115.65/933429650 ,DIM,SIMBOX,ORANGE,GOIP60,192.168.0.17,5,
2966,SIP/193.253.115.65/933429660 ,DIM,SIMBOX,ORANGE,GOIP60,192.168.0.17,6,
2967,SIP/193.253.115.65/933429670 ,DIM,SIMBOX,ORANGE,GOIP60,192.168.0.17,7,
2968,SIP/193.253.115.65/933429680 ,DIM,SIMBOX,ORANGE,GOIP60,192.168.0.17,8,
2971,SIP/193.253.115.65/933429710 ,DIM,SIMBOX,ORANGE,GOIP70,192.168.0.16,1,
2972,SIP/193.253.115.65/933429720 ,DIM,SIMBOX,ORANGE,GOIP70,192.168.0.16,2,
2973,SIP/193.253.115.65/933429730 ,DIM,SIMBOX,ORANGE,GOIP70,192.168.0.16,3,
2974,SIP/193.253.115.65/933429740 ,DIM,SIMBOX,ORANGE,GOIP70,192.168.0.16,4,
2975,SIP/193.253.115.65/933429750 ,DIM,SIMBOX,ORANGE,GOIP70,192.168.0.16,5,
2976,SIP/193.253.115.65/933429760 ,DIM,SIMBOX,ORANGE,GOIP70,192.168.0.16,6,
2977,SIP/193.253.115.65/933429770 ,DIM,SIMBOX,ORANGE,GOIP70,192.168.0.16,7,
2978,SIP/193.253.115.65/933429780 ,DIM,SIMBOX,ORANGE,GOIP70,192.168.0.16,8,
2981,SIP/193.253.115.65/933429810 ,DIM,SIMBOX,ORANGE,GOIP80,192.168.0.18,1,
2982,SIP/193.253.115.65/933429820 ,DIM,SIMBOX,ORANGE,GOIP80,192.168.0.18,2,
2983,SIP/193.253.115.65/933429830 ,DIM,SIMBOX,ORANGE,GOIP80,192.168.0.18,3,
2984,SIP/193.253.115.65/933429840 ,DIM,SIMBOX,ORANGE,GOIP80,192.168.0.18,4,
2985,SIP/193.253.115.65/933429850 ,DIM,SIMBOX,ORANGE,GOIP80,192.168.0.18,5,
2986,SIP/193.253.115.65/933429860 ,DIM,SIMBOX,ORANGE,GOIP80,192.168.0.18,6,
2987,SIP/193.253.115.65/933429870 ,DIM,SIMBOX,ORANGE,GOIP80,192.168.0.18,7,
2988,SIP/193.253.115.65/933429880 ,DIM,SIMBOX,ORANGE,GOIP80,192.168.0.18,8,
2991,SIP/193.253.115.65/933429910 ,DIM,SIMBOX,ORANGE,GOIP90,192.168.0.19,1,
2992,SIP/193.253.115.65/933429920 ,DIM,SIMBOX,ORANGE,GOIP90,192.168.0.19,2,
2993,SIP/193.253.115.65/933429930 ,DIM,SIMBOX,ORANGE,GOIP90,192.168.0.19,3,
2994,SIP/193.253.115.65/933429940 ,DIM,SIMBOX,ORANGE,GOIP90,192.168.0.19,4,
2995,SIP/193.253.115.65/933429950 ,DIM,SIMBOX,ORANGE,GOIP90,192.168.0.19,5,
2996,SIP/193.253.115.65/933429960 ,DIM,SIMBOX,ORANGE,GOIP90,192.168.0.19,6,
2997,SIP/193.253.115.65/933429970 ,DIM,SIMBOX,ORANGE,GOIP90,192.168.0.19,7,
2998,SIP/193.253.115.65/933429980 ,DIM,SIMBOX,ORANGE,GOIP90,192.168.0.19,8,
2651,SIP/193.253.115.65/933426510 ,DIM,SIMBOX,ORANGE,GOIP140,192.168.0.25,1,
2652,SIP/193.253.115.65/933426520 ,DIM,SIMBOX,ORANGE,GOIP140,192.168.0.25,2,
2653,SIP/193.253.115.65/933426530 ,DIM,SIMBOX,ORANGE,GOIP140,192.168.0.25,3,
2654,SIP/193.253.115.65/933426540 ,DIM,SIMBOX,ORANGE,GOIP140,192.168.0.25,4,
2655,SIP/193.253.115.65/933426550 ,DIM,SIMBOX,ORANGE,GOIP140,192.168.0.25,5,
2656,SIP/193.253.115.65/933426560 ,DIM,SIMBOX,ORANGE,GOIP140,192.168.0.25,6,
2657,SIP/193.253.115.65/933426570 ,DIM,SIMBOX,ORANGE,GOIP140,192.168.0.25,7,
2658,SIP/193.253.115.65/933426580 ,DIM,SIMBOX,ORANGE,GOIP140,192.168.0.25,8,
2661,SIP/193.253.115.65/933426610 ,DIM,SIMBOX,ORANGE,GOIP150,192.168.0.26,1,
2662,SIP/193.253.115.65/933426620 ,DIM,SIMBOX,ORANGE,GOIP150,192.168.0.26,2,
2663,SIP/193.253.115.65/933426630 ,DIM,SIMBOX,ORANGE,GOIP150,192.168.0.26,3,
2664,SIP/193.253.115.65/933426640 ,DIM,SIMBOX,ORANGE,GOIP150,192.168.0.26,4,
2665,SIP/193.253.115.65/933426650 ,DIM,SIMBOX,ORANGE,GOIP150,192.168.0.26,5,
2666,SIP/193.253.115.65/933426660 ,DIM,SIMBOX,ORANGE,GOIP150,192.168.0.26,6,
2667,SIP/193.253.115.65/933426670 ,DIM,SIMBOX,ORANGE,GOIP150,192.168.0.26,7,
2668,SIP/193.253.115.65/933426680 ,DIM,SIMBOX,ORANGE,GOIP150,192.168.0.26,8,
2301,SIP/41.204.105.204/933423010 ,FRED,SIMBOX,ORANGE,GOIP00,s3-192.168.0.100,1,
2302,SIP/41.204.105.204/933423020 ,FRED,SIMBOX,ORANGE,GOIP00,s3-192.168.0.100,2,
2303,SIP/41.204.105.204/933423030 ,FRED,SIMBOX,ORANGE,GOIP00,s3-192.168.0.100,3,
2304,SIP/41.204.105.204/933423040 ,FRED,SIMBOX,ORANGE,GOIP00,s3-192.168.0.100,4,
2305,SIP/41.204.105.204/933423050 ,FRED,SIMBOX,ORANGE,GOIP00,s3-192.168.0.100,5,
2306,SIP/41.204.105.204/933423060 ,FRED,SIMBOX,ORANGE,GOIP00,s3-192.168.0.100,6,
2307,SIP/41.204.105.204/933423070 ,FRED,SIMBOX,ORANGE,GOIP00,s3-192.168.0.100,7,
2308,SIP/41.204.105.204/933423080 ,FRED,SIMBOX,ORANGE,GOIP00,s3-192.168.0.100,8,
2309,SIP/41.204.105.204/933423090 ,FRED,SIMBOX,ORANGE,GOIP00,s3-192.168.0.100,9,
2310,SIP/41.204.105.204/933423100 ,FRED,SIMBOX,ORANGE,GOIP10,s3-192.168.0.100,10,
2311,SIP/41.204.105.204/933423110 ,FRED,SIMBOX,ORANGE,GOIP10,s3-192.168.0.100,11,
2312,SIP/41.204.105.204/933423120 ,FRED,SIMBOX,ORANGE,GOIP10,s3-192.168.0.100,12,
2313,SIP/41.204.105.204/933423130 ,FRED,SIMBOX,ORANGE,GOIP10,s3-192.168.0.100,13,
2314,SIP/41.204.105.204/933423140 ,FRED,SIMBOX,ORANGE,GOIP10,s3-192.168.0.100,14,
2315,SIP/41.204.105.204/933423150 ,FRED,SIMBOX,ORANGE,GOIP10,s3-192.168.0.100,15,
2316,SIP/41.204.105.204/933423160 ,FRED,SIMBOX,ORANGE,GOIP10,s3-192.168.0.100,16,
2317,SIP/41.204.105.204/933423170 ,FRED,SIMBOX,ORANGE,GOIP10,s3-192.168.0.100,17,
2318,SIP/41.204.105.204/933423180 ,FRED,SIMBOX,ORANGE,GOIP10,s3-192.168.0.100,18,
2319,SIP/41.204.105.204/933423190 ,FRED,SIMBOX,ORANGE,GOIP10,s3-192.168.0.100,19,
2320,SIP/41.204.105.204/933423200 ,FRED,SIMBOX,ORANGE,GOIP20,s3-192.168.0.100,20,
2321,SIP/41.204.105.204/933423210 ,FRED,SIMBOX,ORANGE,GOIP20,s3-192.168.0.100,21,
2322,SIP/41.204.105.204/933423220 ,FRED,SIMBOX,ORANGE,GOIP20,s3-192.168.0.100,22,
2323,SIP/41.204.105.204/933423230 ,FRED,SIMBOX,ORANGE,GOIP20,s3-192.168.0.100,23,
2324,SIP/41.204.105.204/933423240 ,FRED,SIMBOX,ORANGE,GOIP20,s3-192.168.0.100,24,
2325,SIP/41.204.105.204/933423250 ,FRED,SIMBOX,ORANGE,GOIP20,s3-192.168.0.100,25,
2326,SIP/41.204.105.204/933423260 ,FRED,SIMBOX,TELMA,GOIP20,s3-192.168.0.100,26,
2327,SIP/41.204.105.204/933423270 ,FRED,SIMBOX,TELMA,GOIP20,s3-192.168.0.100,27,
2328,SIP/41.204.105.204/933423280 ,FRED,SIMBOX,TELMA,GOIP20,s3-192.168.0.100,28,
2329,SIP/41.204.105.204/933423290 ,FRED,SIMBOX,TELMA,GOIP20,s3-192.168.0.100,29,
2330,SIP/41.204.105.204/933423300 ,FRED,SIMBOX,TELMA,GOIP30,s3-192.168.0.100,30,
2331,SIP/41.204.105.204/933423310 ,FRED,SIMBOX,TELMA,GOIP30,s3-192.168.0.100,31,
2332,SIP/41.204.105.204/933423320 ,FRED,SIMBOX,TELMA,GOIP30,s3-192.168.0.100,32,
1071,SIP/41.204.105.204/933410710 ,FRED,SIMBOX,TELMA,GOIP40,s3-192.168.0.101,1,
1072,SIP/41.204.105.204/933410720 ,FRED,SIMBOX,TELMA,GOIP40,s3-192.168.0.101,2,
1073,SIP/41.204.105.204/933410730 ,FRED,SIMBOX,TELMA,GOIP40,s3-192.168.0.101,3,
1074,SIP/41.204.105.204/933410740 ,FRED,SIMBOX,TELMA,GOIP40,s3-192.168.0.101,4,
1075,SIP/41.204.105.204/933410750 ,FRED,SIMBOX,TELMA,GOIP40,s3-192.168.0.101,5,
1076,SIP/41.204.105.204/933410760 ,FRED,SIMBOX,TELMA,GOIP40,s3-192.168.0.101,6,
1077,SIP/41.204.105.204/933410770 ,FRED,SIMBOX,TELMA,GOIP40,s3-192.168.0.101,7,
1078,SIP/41.204.105.204/933410780 ,FRED,SIMBOX,TELMA,GOIP40,s3-192.168.0.101,8,
3091,SIP/41.204.105.204/933430910 ,FERD,SIMBOX,AIRTEL,GOIP50,s3-192.168.0.102,1,
3092,SIP/41.204.105.204/933430920 ,FERD,SIMBOX,AIRTEL,GOIP50,s3-192.168.0.102,2,
3093,SIP/41.204.105.204/933430930 ,FERD,SIMBOX,AIRTEL,GOIP50,s3-192.168.0.102,3,
3094,SIP/41.204.105.204/933430940 ,FERD,SIMBOX,AIRTEL,GOIP50,s3-192.168.0.102,4,
3095,SIP/41.204.105.204/933430950 ,FERD,SIMBOX,AIRTEL,GOIP50,s3-192.168.0.102,5,
3096,SIP/41.204.105.204/933430960 ,FERD,SIMBOX,AIRTEL,GOIP50,s3-192.168.0.102,6,
3097,SIP/41.204.105.204/933430970 ,FERD,SIMBOX,AIRTEL,GOIP50,s3-192.168.0.102,7,
3098,SIP/41.204.105.204/933430980 ,FERD,SIMBOX,AIRTEL,GOIP50,s3-192.168.0.102,8,
2611,SIP/193.253.115.65/933426110 ,DIM,SIMBOX,ORANGE,GOIP100,192.168.0.20,1,
2612,SIP/193.253.115.65/933426120 ,DIM,SIMBOX,ORANGE,GOIP100,192.168.0.20,2,
2613,SIP/193.253.115.65/933426130 ,DIM,SIMBOX,ORANGE,GOIP100,192.168.0.20,3,
2614,SIP/193.253.115.65/933426140 ,DIM,SIMBOX,ORANGE,GOIP100,192.168.0.20,4,
2615,SIP/193.253.115.65/933426150 ,DIM,SIMBOX,ORANGE,GOIP100,192.168.0.20,5,
2616,SIP/193.253.115.65/933426160 ,DIM,SIMBOX,ORANGE,GOIP100,192.168.0.20,6,
2617,SIP/193.253.115.65/933426170 ,DIM,SIMBOX,ORANGE,GOIP100,192.168.0.20,7,
2618,SIP/193.253.115.65/933426180 ,DIM,SIMBOX,ORANGE,GOIP100,192.168.0.20,8,
2621,SIP/193.253.115.65/933426210 ,DIM,SIMBOX,ORANGE,GOIP110,192.168.0.21,1,
2622,SIP/193.253.115.65/933426220 ,DIM,SIMBOX,ORANGE,GOIP110,192.168.0.21,2,
2623,SIP/193.253.115.65/933426230 ,DIM,SIMBOX,ORANGE,GOIP110,192.168.0.21,3,
2624,SIP/193.253.115.65/933426240 ,DIM,SIMBOX,ORANGE,GOIP110,192.168.0.21,4,
2625,SIP/193.253.115.65/933426250 ,DIM,SIMBOX,ORANGE,GOIP110,192.168.0.21,5,
2626,SIP/193.253.115.65/933426260 ,DIM,SIMBOX,ORANGE,GOIP110,192.168.0.21,6,
2627,SIP/193.253.115.65/933426270 ,DIM,SIMBOX,ORANGE,GOIP110,192.168.0.21,7,
2628,SIP/193.253.115.65/933426270 ,DIM,SIMBOX,ORANGE,GOIP110,192.168.0.21,8,
2631,SIP/193.253.115.65/933426310 ,DIM,SIMBOX,ORANGE,GOIP120,192.168.0.22,1,
2632,SIP/193.253.115.65/933426320 ,DIM,SIMBOX,ORANGE,GOIP120,192.168.0.22,2,
2633,SIP/193.253.115.65/933426330 ,DIM,SIMBOX,ORANGE,GOIP120,192.168.0.22,3,
2634,SIP/193.253.115.65/933426340 ,DIM,SIMBOX,ORANGE,GOIP120,192.168.0.22,4,
2635,SIP/193.253.115.65/933426350 ,DIM,SIMBOX,ORANGE,GOIP120,192.168.0.22,5,
2636,SIP/193.253.115.65/933426360 ,DIM,SIMBOX,ORANGE,GOIP120,192.168.0.22,6,
2637,SIP/193.253.115.65/933426370 ,DIM,SIMBOX,ORANGE,GOIP120,192.168.0.22,7,
2638,SIP/193.253.115.65/933426380 ,DIM,SIMBOX,ORANGE,GOIP120,192.168.0.22,8,
2641,SIP/193.253.115.65/933426410 ,DIM,SIMBOX,ORANGE,GOIP130,192.168.0.23,1,
2642,SIP/193.253.115.65/933426420 ,DIM,SIMBOX,ORANGE,GOIP130,192.168.0.23,2,
2643,SIP/193.253.115.65/933426430 ,DIM,SIMBOX,ORANGE,GOIP130,192.168.0.23,3,
2644,SIP/193.253.115.65/933426440 ,DIM,SIMBOX,ORANGE,GOIP130,192.168.0.23,4,
2651,SIP/193.253.115.65/933426510 ,DIM,SIMBOX,ORANGE,GOIP140,192.168.0.25,1,
2652,SIP/193.253.115.65/933426520 ,DIM,SIMBOX,ORANGE,GOIP140,192.168.0.25,2,
2653,SIP/193.253.115.65/933426530 ,DIM,SIMBOX,ORANGE,GOIP140,192.168.0.25,3,
2654,SIP/193.253.115.65/933426540 ,DIM,SIMBOX,ORANGE,GOIP140,192.168.0.25,4,
2655,SIP/193.253.115.65/933426550 ,DIM,SIMBOX,ORANGE,GOIP140,192.168.0.25,5,
2656,SIP/193.253.115.65/933426560 ,DIM,SIMBOX,ORANGE,GOIP140,192.168.0.25,6,
2657,SIP/193.253.115.65/933426570 ,DIM,SIMBOX,ORANGE,GOIP140,192.168.0.25,7,
2658,SIP/193.253.115.65/933426580 ,DIM,SIMBOX,ORANGE,GOIP140,192.168.0.25,8,
2661,SIP/193.253.115.65/933426610 ,DIM,SIMBOX,ORANGE,GOIP150,192.168.0.26,1,
2662,SIP/193.253.115.65/933426620 ,DIM,SIMBOX,ORANGE,GOIP150,192.168.0.26,2,
2663,SIP/193.253.115.65/933426630 ,DIM,SIMBOX,ORANGE,GOIP150,192.168.0.26,3,
2664,SIP/193.253.115.65/933426640 ,DIM,SIMBOX,ORANGE,GOIP150,192.168.0.26,4,
2665,SIP/193.253.115.65/933426650 ,DIM,SIMBOX,ORANGE,GOIP150,192.168.0.26,5,
2666,SIP/193.253.115.65/933426660 ,DIM,SIMBOX,ORANGE,GOIP150,192.168.0.26,6,
2667,SIP/193.253.115.65/933426670 ,DIM,SIMBOX,ORANGE,GOIP150,192.168.0.26,7,
2668,SIP/193.253.115.65/933426680 ,DIM,SIMBOX,ORANGE,GOIP150,192.168.0.26,8,